create_Date,last_update,Price,sales,app_name,Created_by
07-Mar-19, 7 Mar 19,$164,0,Samneang Music Android Streaming - Java,lyheangibell
21-Feb-19, 5 Mar 19,$25,4,My Radio with Recording,Desk87
27-Jan-19, 25 Feb 19,$20,3,Face Mask + Video Recording + Streaming online Android App,creativescriptlab
16-Oct-18, 15 Oct 18,$12,3,The Piano with admob - eclipse project,Studiouss
02-Oct-18, 4 Jan 19,$34,5,Online + Offline Android Video Player,AditeTechnologies
11-Sep-18, 20 Dec 18,$119,4,Music Streaming (Pro Version),suusoft
05-Sep-18, 27 Sep 18,$59,14,Soundboard with Share function,blackskystudios
29-Aug-18, 24 Oct 18,$19,3,QVoice Recorder Pro - Beautiful UI, Ads Slider
08-Aug-18, 9 Feb 19,$25,25,Radio & Chat single station (android),Appteve
06-Aug-18, 22 Aug 18,$59,4,Ultimate Video Downloader for Facebook & Instagram,elsnertechnologies
27-Jul-18, 27 Jul 18,$53,12,Smart Music Android JAVA Laravel Restful Api,lyheangibell
16-Jul-18, 16 Jul 18,$19,2,IGTV Video Rotate,sezerfidanci
11-Jun-18, 4 Mar 19,$39,30,Video Utility Converter - All In One,elsnertechnologies
11-Jun-18, 4 Jan 19,$34,32,Online + Offline Android Audio Player,AditeTechnologies
30-May-18, 30 May 18,$17,4,Video to Audio converter,PetraDev
27-May-18, 27 May 18,$15,1,Audio recorder Android Admob Ads,PetraDev
20-May-18, 2 Dec 18,$40,41,Lav Radio Bundle ( android & ios pack),Appteve
02-Mar-18, 6 Mar 18,$18,29,V Stream - Video Streaming Application,webandcrafts
19-Feb-18, 18 Feb 19,$29,62,Mp3 Local + Soundcloud Music Player with Equalizers and Admob integration.,genesis4revelations
24-Nov-17, 23 Nov 17,$25,1,InstaDownloader - Instagram image/video saver,XoluDev
17-Nov-17, 28 Jul 18,$25,26,Radio & Chat (multi) Android,Appteve
02-Sep-17, 4 Sep 17,$22,132,Radio Lite - Single Radio Streaming App,webandcrafts
25-Aug-17, 20 Oct 17,$15,33,YouTube and Soundcloud Music Downloader Android Admob Ads,PetraDev
21-Aug-17, 18 Jun 18,$10,19,MicroPlayer with adMob,digitalcurv
26-Jul-17, 26 Jul 17,$18,3,F-downloader - A facebook video downloader,Eycen
22-Jun-17, 1 Sep 17,$99,19,Video and Audio Downloader and Manager,niteshsuvagia
12-Jun-17, 8 Feb 18,$29,38,Single Station Radio app with Recording,Desk87
01-Jun-17, 22 Dec 18,$25,7,MateTube Videos Application  - AdMob & GDPR,KINGDOV
11-May-17, 9 Apr 18,$79,11,Listen Radio Portal - Android App,Desk87
28-Mar-17, 22 Dec 18,$19,72,MP3 Music Player - AdMob & GDPR,KINGDOV
24-Mar-17, 29 Jan 19,$49,134,xMusic - Android Online Offline Music Player,ypyglobal
16-Feb-17, 20 Mar 18,$49,39,Live Radio with Recording,Desk87
10-Jan-17, 18 Jul 17,$19,90,Yo365 - Smart Network of Videos,inspitheme
18-Dec-16, 18 Oct 18,$55,121,phpSound Android App,Desk87
26-Oct-16, 4 Apr 18,$29,58,Radio Ding,Desk87
19-Oct-16, 18 Oct 16,$10,17,Soundboard - Music app,DaWayoApps
18-Oct-16, 17 Oct 16,$79,4,Radio Raag - Streaming App with Shoutcast API,Desk87
05-Sep-16, 12 Sep 16,$15,45,MediaSaver - Download Images and Videos From Instagram + AdMob,KhaledMohammad5
27-Jun-16, 27 Jun 16,$14,127,Instagram Videos And Images Downloader + Admob,SyntaxPlus
28-Nov-15, 11 Sep 17,$38,19,My Channel App,arkayapps
26-Sep-15, 26 Sep 15,$29,24,Best Multiple Category Radio App,Desk87
08-Sep-15, 8 Jul 18,$15,150,Lite Music 4.2 - Android Music Player,dream_space
21-Jun-15, 14 Oct 18,$31,177,My Music Player,ypyglobal
02-Jan-15, 14 Feb 15,$19,24,Recorder and Equalizer Player with Effect,anisbulbul
20-Nov-14, 7 Sep 16,$15,63,Acoustic Equalizer (EQ),markO1337
08-Aug-14, 8 Aug 14,$14,24,Android Video Player,Flinzar
08-Aug-14, 10 Mar 18,$15,97,My Video,ypyglobal
27-Apr-14, 27 Apr 14,$16,4,RandRadio - Station Discovery (AdMob Enabled),Flinzar
25-Dec-13, 14 Jul 18,$16,101,Android Audio Player,Lrandom
25-Jul-13, 2 Nov 17,$17,92,Video Player for Android,mactechinteractiv
15-Jul-11, 26 Mar 12,$29,63,Your Media Player,djcharon
