Country, Name,Website
SE,MentorMate,https://mentormate.com/?utm_source=clutch.co&utm_medium=platinum-sponsor&utm_campaign=clutch&utm_content=web-category
SE,Ivejas,https://ivejas.com?utm_source=clutch.co&utm_medium=referral&utm_campaign=web-developers
SE,Softermii,http://www.softermii.com/?utm_source=clutch&utm_medium=referral&utm_campaign=web-dev
SE,Ragnarson,https://ragnarson.com/?utm_source=clutch.co&utm_medium=referral&utm_campaign=web-developers
SE,Beetroot AB,https://beetroot.co/?utm_source=clutch.co&utm_medium=referral
SE,Brainhub,https://brainhub.eu/?utm_source=clutch&utm_medium=referral&utm_campaign=custom_profile
SE,SoftwareHut,http://www.softwarehut.com/?utm_source=clutch.co&utm_medium=referral
SE,Forbytes,https://forbytes.com
SE,GoodCore Software,http://www.goodcore.co.uk/?utm_source=clutch.co&utm_medium=referral
SE,Synergo Group,https://www.synergogroup.net/?utm_source=clutch&utm_medium=cpc&utm_campaign=clutch.co%20URL
SE,Softnauts,http://www.softnauts.com?utm_source=clutch.co&utm_medium=referral
SE,OTAKOYI,https://otakoyi.com/?utm_source=clutch.co&utm_medium=referral&utm_campaign=web-developers
SE,Diatom Enterprises,http://www.diatomenterprises.com/?utm_source=clutch.co&utm_medium=referral&utm_campaign=web-developers
SE,UKAD,https://www.ukad-group.com/
SE,Making Waves Poland,http://www.makingwaves.pl
SE,Cybercom Group,http://www.cybercom.com/pl/Poland/Software-House/
SE,Sigma Software,https://sigma.software/#utm_source=clutch.co
SE,Better Software Group,http://bsgroup.eu
SE,Inpsyde,http://www.inpsyde.com
SE,Sphinxly,https://www.sphinxly.se
SE,MOVO Creations,http://www.movocreations.com
SE,iCoderz Solutions Pvt. Ltd.,http://www.icoderzsolutions.com
SE,ustwo studio,https://www.ustwo.com
SE,RIKSOF,http://www.riksof.com/?utm_source=clutch.co&utm_campaign=startupdirectory
SE,Aurora Solutions,http://aurorasolutions.io/
SE,Bridge Global,https://www.bridge-global.com
SE,Reksoft,https://www.reksoft.com/
SE,BJIT Group,http://bjitgroup.com/
SE,Digital Dividend,http://www.digital-dividend.com/
SE,Stigasoft,http://www.stigasoft.com
SE,DVC Solutions Inc.,http://www.dvcsolutions.com
SE,Roud Studio,https://www.roudstudio.com
SE,Cadabra Studio,https://cadabra.studio/
SE,Axess Lab,http://www.axesslab.com
SE,Webicient Webbyrå,https://webicient.com
SE,IMEA Systems,http://imeasystems.com/
SE,Vilmate LLC,https://vilmate.com/
SE,Starq,https://www.starq.se
SE,Lember,https://lember.com.ua/
SE,ZenDev AB,https://www.zendev.se/en
SE,Teksmobile/Teknowledge,https://teksmobile.com
SE,MXICODERS® Inc.,https://www.mxicoders.com/?utm_source=clutch.co&utm_medium=referral
SE,AVE Idea,https://www.aveidea.com/
SE,Pangara,http://www.pangara.com
SE,Chimplie,https://chimplie.com/
SE,Blue Brick,https://bluebrick.pl/
SE,Aurora Digital OY,https://www.auroradigital.eu/
SE,The AntiAlias,http://www.theantialias.com
SE,Ecotech,http://www.ecotechservices.com
SE,Digidot,http://digidot.co/
SE,Daytona,http://www.daytona.se/english
SE,NetRelations,https://www.netrelations.com/en/
SE,madeo,http://www.madeo.com
SE,Luxdone,http://luxdone.com
SE,Zwebb Sweden,https://www.zwebb.com/
SE,Wisely,http://www.wisely.se
SE,MediaMonks,https://www.mediamonks.com/
SE,Artificial Solutions,https://www.artificial-solutions.com/
SE,Digital Agency Nordic,http://danordic.com/
SE,Frost Experience AB,http://www.frost.se
SE,56N Software AB,http://www.56-north.com
SE,SthlmConnection,https://www.sthlmconnection.se/
SE,Devkittens,https://devkittens.com/
SE,Softhouse,https://www.softhouse.se/
SE,Elsewhere AB,https://www.elsewhere.se/
SE,odd hill.,https://www.oddhill.se/
SE,Fully Studios,https://fullystudios.se/contact/
SE,Trevlig,https://trevlig.se/
SE,Suretek Infosoft,http://suretekinfosoft.com/
SE,Cloud Nine,https://cloudnine.se/en
SE,Kreationsbryan,https://www.kreationsbyran.se
SE,Republic Factory,https://www.republic.se/
SE,AVENY PRODUCTION,https://www.avenyproduction.se/
SE,Resultify,https://www.resultify.se/
SE,Stockholm/Sweden Web Solutions,http://www.stockholmsweden.se/
SE,Eloge,https://www.eloge.se/
SE,jgl,https://jgl.se/
SE,Appcrates,http://appcrates.com
SE,24HR,https://www.24hr.se/
SE,Niteco Group Ltd,https://niteco.com/
SE,Forsman & Bodenfors,https://forsman.co/
SE,Gobrilla development AB,http://gobrilla.com/
SE,Websoluto,https://www.websoluto.se/
SE,Niteco,http://www.niteco.com
SE,Amazive,http://www.amazive.com/
SE,Datamart,https://www.dtm.io
SE,Synavos Solutions (Pvt) Limited,https://www.synavos.com/
SE,Lynt,http://lynt.se
SE,Tamkin,https://tamkin.se/
SE,Justin Kase,http://www.justinkase.se
SE,Youpal AB,https://www.youpal.se
SE,Atpunkt.se,https://www.atpunkt.se/
SE,Wasabi Web,http://www.wasabiweb.se
SE,Hello Future,https://hellofuture.se/
SE,Evolve Technology Sweden,https://evolvetechnology.se/
SE,Source A Network,https://sourcea.se
SE,Stormfors,https://www.stormfors.se/
SE,Kodamera,https://www.kodamera.se/
SE,Varvet,https://www.varvet.com/
SE,Humblebee,http://humblebee.se
SE,Skapa,https://skapa.se/content-marketing/
SE,Digitalist Sweden,https://www.digitalist.se/
SE,Provide IT,https://provideit.se/
SE,Understandit,https://understandit.se/
SE,SEO DESIGN,https://seodesign.se/
SE,Hoy Multimedia,https://hoy.se/
SE,Jakobsson Addemotion,https://jakobssonaddemotion.se
SE,Slagkryssaren,https://slagkryssaren.com/
SE,Social Media Lab,https://socialmedialab.se/
SE,Appache,http://appache.no/
SE,Hyperlab,https://hyperlab.se/
SE,MK Media Produktion AB,https://www.mkmedia.se/
SE,Linderoths,https://linderoths.se/
SE,CodeLedge,https://codeledge.com/
SE,Mild Media,http://www.mildmedia.se
SE,Daydream Studios,http://www.daydreamstudios.co.uk/
SE,Veroveli AB,http://www.veroveli.se
SE,2Creative,https://www.2creative.se/
SE,Tigerton,https://www.tigerton.se/
SE,WMYL,https://www.wmyl.se/
SE,Linkbuffer Studios,http://linkbufferstudios.com/
SE,Spiro,https://spiro.se/
SE,Simma Lugnt,https://simmalugnt.se/
SE,Wallmander & Co,https://www.wallmanderco.se/
SE,Creative Brackets,https://creative-brackets.com/
SE,24/7 Creating AB,https://247creating.com/
SE,Walden & Vega,https://www.waldenvega.se/
SE,Techravity,http://techravity.com/
SE,MK Media Produktion AB,https://www.mkmedia.se/
SE,Chillicon,https://chillicon.se/
SE,Squib,https://squib.design/
SE,Brandson,https://www.brandson.se/
SE,Netzon,http://www.netzon.se/
SE,Champs & Chimps,http://www.champsandchimps.com/
SE,Armonia Firm,http://www.byarmonia.com/
SE,Magnetbyrån,https://www.magnetbyran.se/
SE,Cord koncept,http://www.cordkoncept.se/
SE,Pixel Productions,http://www.pixel-productions.com/
SE,TK Web Design,https://tkweb.se/
SE,123Design,http://123design.se/
SE,Hira Digital,https://www.hira.se/
SE,The Stockholm Tech Agency,http://www.stockholmtech.agency
SE,New Logic,http://www.newlogic.se/en/index.html
SE,Growzilla,http://growzilla.se/
SE,Satsuma Studios,https://www.satsuma.se/
SE,Borealis,http://borealis.agency
SE,GO MO Group,https://www.gomogroup.com/contact-go-mo-group/?lang=en
SE,River,https://www.river.se/
SE,Bronson Design,http://www.bronson-design.com/en/
SE,Genero,https://generodigital.com/
SE,Bombayworks,https://bombayworks.com
SE,Norderbergs,http://www.norderbergs.com
SE,Grebban,https://grebban.com/
SE,Dezea,https://dezea.digital
SE,Noor,https://noor.se/
SE,Business & Emotions,https://www.businessandemotions.se/
SE,direktonline,https://direktonline.se/
SE,Novitell,https://www.novitell.se/
SE,LP Design,http://www.lpdesign.se/
SE,Most Studios AB,https://moststudios.com/
SE,Ritual Digital Agency,https://madebyritual.com/
SE,Storisell Aktiebolag,https://storisell.se/
SE,PV Nordic,http://pvnordicdesigns.com/
SE,Weightpoint,https://www.weightpoint.se/
SE,Reklamytor,http://www.reklamytor.se/
SE,Palladium , Advertising & Creative Communications Agency,https://thepalladium.ir
