Main Category,Sub Category
Grocery & Staples , Grains ," Chana Dal, Moong Dal, Other Dals, Raw Peanuts, Soya Products"
Grocery & Staples , Dals & Pulses ," Almonds, Cashews, Mukhwas & Mouth Freshener, Other Dry Fruits"
Grocery & Staples , Dry Fruits ," Ghee, Sunflower Oil, Cottonseed Oil, Groudnut Oils, Olive Oils, Mustard Oils"
Grocery & Staples , Edible Oils & Ghee ," Besan, Maida, Other Flours, Rice Flours, Sooji & Rava"
Grocery & Staples , Flours & Sooji ," Food Colour, International Spices, Powdered Spices, Ready Masalas"
Grocery & Staples , Masalas & Spices ," Avalakki / Poha, Basmati Rice"
Grocery & Staples , Rice & Rice Product ," Jaggery, Salt, Sugar, Sugar Cubes"
Grocery & Staples , Breads & Bakery , Bread
Grocery & Staples , Breakfast Cereals ," Flakes, Muesli & OATS"
Grocery & Staples , Snacks ," Other Snacks, Namkeen, Chikki, Chips & More, Papads"
Grocery & Staples , Biscuits & Cookies ," Biscuits, Cookies, Wafers Biscuit"
Grocery & Staples ," Sauces, Spreads & Condiments "," Ketchup, Jams, Honey, Mayonnaise, Peanut / Garlic Butter, Spreads, Chilli Sauces, Other Sauces"
Grocery & Staples , Pickles ," Mixed, Mango, Chilli, Other Pickles"
Grocery & Staples , Sweets & Candies ," Desserts, Packed Mithais, Custard Powder & Ice Cream Mix"
Grocery & Staples , Chocolates ," Favorites, Diet Bars, Dark Chocolates, Festive Gift Pack"
Grocery & Staples , Body Care ," Body Talc, Soaps & Bathing Bars, Deodorants & Body Sprays, Lotions & Moisturizers, Massage Oils, Shower Gel & Body Wash"
Grocery & Staples , Personal Care Electrical Products ," Hair Stylers, Massagers"
Grocery & Staples , Hair Care ," Shampoos & Conditioner, Oils & Serum, Hair Gels & Creams, Hair Colors, Brushes / Combs"
Grocery & Staples , Face Care ," Face Pack, Lip Care, Face Wash & Scrubs, Face Creams"
Grocery & Staples , Shaving Needs ," Razors & Blades, Shaving Cream & Foam, After Shave"
Grocery & Staples , Oral Care ," Toothbrush, Toothpaste"
Grocery & Staples , Personal Hygiene , Handwash & Sanitizers
Grocery & Staples , OTC Medicines ," Antiseptics, Digestive, Cotton & Bandages"
Grocery & Staples , Detergents ," Detergent Bar, Detergent Powder, Liquid Detergent"
Grocery & Staples , Diwali Decoration ," Dishwash Bars, Liquid Dishwashers, Powdered Dishwashers"
Grocery & Staples , Utensil Cleaners ," Floor Cleaners, Toilet Cleaners, Surface Cleaners"
Grocery & Staples , Cleaners , Agarbathi & Dhoop Batti
Grocery & Staples , Pooja Needs ," Brooms  Dust Pans & Dustbin, Mops & Wipers, Brushes & Scrubbers"
Grocery & Staples , Cleaning Equipments , Shoe Polish
Grocery & Staples , Shoe Care , Mosquito Repellents
Grocery & Staples , Repellents ," Cutlery, Bottles, Chillers & Ice Cube Trays, Cookwere, Pressure Cooker, Kitchen Stroage, Dining & Serving, Cutting Tools, Flasks & Tiffins, Disposables, Mug & Cup Saucers, Bathroom Accessories"
Grocery & Staples , Kitchen & Dining ," Juicer Mixer & Blenders, Toasters"
Grocery & Staples , Kitchen & Home Appliance ," Toilet Paper, Disposable Plates & Utensils, Tissue Papers & Napkins"
Grocery & Staples , Air Fresheners ," Toilet Paper, Disposable Plates & Utensils, Tissue Papers & Napkins"
Grocery & Staples , Baby Food ," Baby Powder, Diapers & Wipes, Baby Care & Accessories, Baby Creams & Lotions, Baby Oils & Shampoos"
Grocery & Staples , Soft Drinks , Cola Drinks
Grocery & Staples , Fruit Juices ," Mango Juices, Orange Juices, Apple Juices"
Grocery & Staples , Tea & Coffee ," Tea, Green Tea, Tea Bags, Instant Coffee, Drinking Cocolate"
Grocery & Staples , Mineral Water , Energy Drinks
Grocery & Staples , Energy & Health Drinks ," Concentrates, Milk Drink, Sarbat"
Bread & Dairy , Grains ," Chana Dal, Moong Dal, Other Dals, Raw Peanuts, Soya Products"
Bread & Dairy , Dals & Pulses ," Almonds, Cashews, Mukhwas & Mouth Freshener, Other Dry Fruits"
Bread & Dairy , Dry Fruits ," Ghee, Sunflower Oil, Cottonseed Oil, Groudnut Oils, Olive Oils, Mustard Oils"
Bread & Dairy , Edible Oils & Ghee ," Besan, Maida, Other Flours, Rice Flours, Sooji & Rava"
Bread & Dairy , Flours & Sooji ," Food Colour, International Spices, Powdered Spices, Ready Masalas"
Bread & Dairy , Masalas & Spices ," Avalakki / Poha, Basmati Rice"
Bread & Dairy , Rice & Rice Product ," Jaggery, Salt, Sugar, Sugar Cubes"
Bread & Dairy , Breads & Bakery , Bread
Bread & Dairy , Breakfast Cereals ," Flakes, Muesli & OATS"
Bread & Dairy , Snacks ," Other Snacks, Namkeen, Chikki, Chips & More, Papads"
Bread & Dairy , Biscuits & Cookies ," Biscuits, Cookies, Wafers Biscuit"
Bread & Dairy ," Sauces, Spreads & Condiments "," Ketchup, Jams, Honey, Mayonnaise, Peanut / Garlic Butter, Spreads, Chilli Sauces, Other Sauces"
Bread & Dairy , Pickles ," Mixed, Mango, Chilli, Other Pickles"
Bread & Dairy , Sweets & Candies ," Desserts, Packed Mithais, Custard Powder & Ice Cream Mix"
Bread & Dairy , Chocolates ," Favorites, Diet Bars, Dark Chocolates, Festive Gift Pack"
Bread & Dairy , Body Care ," Body Talc, Soaps & Bathing Bars, Deodorants & Body Sprays, Lotions & Moisturizers, Massage Oils, Shower Gel & Body Wash"
Bread & Dairy , Personal Care Electrical Products ," Hair Stylers, Massagers"
Bread & Dairy , Hair Care ," Shampoos & Conditioner, Oils & Serum, Hair Gels & Creams, Hair Colors, Brushes / Combs"
Bread & Dairy , Face Care ," Face Pack, Lip Care, Face Wash & Scrubs, Face Creams"
Bread & Dairy , Shaving Needs ," Razors & Blades, Shaving Cream & Foam, After Shave"
Bread & Dairy , Oral Care ," Toothbrush, Toothpaste"
Bread & Dairy , Personal Hygiene , Handwash & Sanitizers
Bread & Dairy , OTC Medicines ," Antiseptics, Digestive, Cotton & Bandages"
Bread & Dairy , Detergents ," Detergent Bar, Detergent Powder, Liquid Detergent"
Bread & Dairy , Diwali Decoration ," Dishwash Bars, Liquid Dishwashers, Powdered Dishwashers"
Bread & Dairy , Utensil Cleaners ," Floor Cleaners, Toilet Cleaners, Surface Cleaners"
Bread & Dairy , Cleaners , Agarbathi & Dhoop Batti
Bread & Dairy , Pooja Needs ," Brooms  Dust Pans & Dustbin, Mops & Wipers, Brushes & Scrubbers"
Bread & Dairy , Cleaning Equipments , Shoe Polish
Bread & Dairy , Shoe Care , Mosquito Repellents
Bread & Dairy , Repellents ," Cutlery, Bottles, Chillers & Ice Cube Trays, Cookwere, Pressure Cooker, Kitchen Stroage, Dining & Serving, Cutting Tools, Flasks & Tiffins, Disposables, Mug & Cup Saucers, Bathroom Accessories"
Bread & Dairy , Kitchen & Dining ," Juicer Mixer & Blenders, Toasters"
Bread & Dairy , Kitchen & Home Appliance ," Toilet Paper, Disposable Plates & Utensils, Tissue Papers & Napkins"
Bread & Dairy , Air Fresheners ," Toilet Paper, Disposable Plates & Utensils, Tissue Papers & Napkins"
Bread & Dairy , Baby Food ," Baby Powder, Diapers & Wipes, Baby Care & Accessories, Baby Creams & Lotions, Baby Oils & Shampoos"
Bread & Dairy , Soft Drinks , Cola Drinks
Bread & Dairy , Fruit Juices ," Mango Juices, Orange Juices, Apple Juices"
Bread & Dairy , Tea & Coffee ," Tea, Green Tea, Tea Bags, Instant Coffee, Drinking Cocolate"
Bread & Dairy , Mineral Water , Energy Drinks
Bread & Dairy , Energy & Health Drinks ," Concentrates, Milk Drink, Sarbat"
Packaged Food , Grains ," Chana Dal, Moong Dal, Other Dals, Raw Peanuts, Soya Products"
Packaged Food , Dals & Pulses ," Almonds, Cashews, Mukhwas & Mouth Freshener, Other Dry Fruits"
Packaged Food , Dry Fruits ," Ghee, Sunflower Oil, Cottonseed Oil, Groudnut Oils, Olive Oils, Mustard Oils"
Packaged Food , Edible Oils & Ghee ," Besan, Maida, Other Flours, Rice Flours, Sooji & Rava"
Packaged Food , Flours & Sooji ," Food Colour, International Spices, Powdered Spices, Ready Masalas"
Packaged Food , Masalas & Spices ," Avalakki / Poha, Basmati Rice"
Packaged Food , Rice & Rice Product ," Jaggery, Salt, Sugar, Sugar Cubes"
Packaged Food , Breads & Bakery , Bread
Packaged Food , Breakfast Cereals ," Flakes, Muesli & OATS"
Packaged Food , Snacks ," Other Snacks, Namkeen, Chikki, Chips & More, Papads"
Packaged Food , Biscuits & Cookies ," Biscuits, Cookies, Wafers Biscuit"
Packaged Food ," Sauces, Spreads & Condiments "," Ketchup, Jams, Honey, Mayonnaise, Peanut / Garlic Butter, Spreads, Chilli Sauces, Other Sauces"
Packaged Food , Pickles ," Mixed, Mango, Chilli, Other Pickles"
Packaged Food , Sweets & Candies ," Desserts, Packed Mithais, Custard Powder & Ice Cream Mix"
Packaged Food , Chocolates ," Favorites, Diet Bars, Dark Chocolates, Festive Gift Pack"
Packaged Food , Body Care ," Body Talc, Soaps & Bathing Bars, Deodorants & Body Sprays, Lotions & Moisturizers, Massage Oils, Shower Gel & Body Wash"
Packaged Food , Personal Care Electrical Products ," Hair Stylers, Massagers"
Packaged Food , Hair Care ," Shampoos & Conditioner, Oils & Serum, Hair Gels & Creams, Hair Colors, Brushes / Combs"
Packaged Food , Face Care ," Face Pack, Lip Care, Face Wash & Scrubs, Face Creams"
Packaged Food , Shaving Needs ," Razors & Blades, Shaving Cream & Foam, After Shave"
Packaged Food , Oral Care ," Toothbrush, Toothpaste"
Packaged Food , Personal Hygiene , Handwash & Sanitizers
Packaged Food , OTC Medicines ," Antiseptics, Digestive, Cotton & Bandages"
Packaged Food , Detergents ," Detergent Bar, Detergent Powder, Liquid Detergent"
Packaged Food , Diwali Decoration ," Dishwash Bars, Liquid Dishwashers, Powdered Dishwashers"
Packaged Food , Utensil Cleaners ," Floor Cleaners, Toilet Cleaners, Surface Cleaners"
Packaged Food , Cleaners , Agarbathi & Dhoop Batti
Packaged Food , Pooja Needs ," Brooms  Dust Pans & Dustbin, Mops & Wipers, Brushes & Scrubbers"
Packaged Food , Cleaning Equipments , Shoe Polish
Packaged Food , Shoe Care , Mosquito Repellents
Packaged Food , Repellents ," Cutlery, Bottles, Chillers & Ice Cube Trays, Cookwere, Pressure Cooker, Kitchen Stroage, Dining & Serving, Cutting Tools, Flasks & Tiffins, Disposables, Mug & Cup Saucers, Bathroom Accessories"
Packaged Food , Kitchen & Dining ," Juicer Mixer & Blenders, Toasters"
Packaged Food , Kitchen & Home Appliance ," Toilet Paper, Disposable Plates & Utensils, Tissue Papers & Napkins"
Packaged Food , Air Fresheners ," Toilet Paper, Disposable Plates & Utensils, Tissue Papers & Napkins"
Packaged Food , Baby Food ," Baby Powder, Diapers & Wipes, Baby Care & Accessories, Baby Creams & Lotions, Baby Oils & Shampoos"
Packaged Food , Soft Drinks , Cola Drinks
Packaged Food , Fruit Juices ," Mango Juices, Orange Juices, Apple Juices"
Packaged Food , Tea & Coffee ," Tea, Green Tea, Tea Bags, Instant Coffee, Drinking Cocolate"
Packaged Food , Mineral Water , Energy Drinks
Packaged Food , Energy & Health Drinks ," Concentrates, Milk Drink, Sarbat"
Personal Care , Grains ," Chana Dal, Moong Dal, Other Dals, Raw Peanuts, Soya Products"
Personal Care , Dals & Pulses ," Almonds, Cashews, Mukhwas & Mouth Freshener, Other Dry Fruits"
Personal Care , Dry Fruits ," Ghee, Sunflower Oil, Cottonseed Oil, Groudnut Oils, Olive Oils, Mustard Oils"
Personal Care , Edible Oils & Ghee ," Besan, Maida, Other Flours, Rice Flours, Sooji & Rava"
Personal Care , Flours & Sooji ," Food Colour, International Spices, Powdered Spices, Ready Masalas"
Personal Care , Masalas & Spices ," Avalakki / Poha, Basmati Rice"
Personal Care , Rice & Rice Product ," Jaggery, Salt, Sugar, Sugar Cubes"
Personal Care , Breads & Bakery , Bread
Personal Care , Breakfast Cereals ," Flakes, Muesli & OATS"
Personal Care , Snacks ," Other Snacks, Namkeen, Chikki, Chips & More, Papads"
Personal Care , Biscuits & Cookies ," Biscuits, Cookies, Wafers Biscuit"
Personal Care ," Sauces, Spreads & Condiments "," Ketchup, Jams, Honey, Mayonnaise, Peanut / Garlic Butter, Spreads, Chilli Sauces, Other Sauces"
Personal Care , Pickles ," Mixed, Mango, Chilli, Other Pickles"
Personal Care , Sweets & Candies ," Desserts, Packed Mithais, Custard Powder & Ice Cream Mix"
Personal Care , Chocolates ," Favorites, Diet Bars, Dark Chocolates, Festive Gift Pack"
Personal Care , Body Care ," Body Talc, Soaps & Bathing Bars, Deodorants & Body Sprays, Lotions & Moisturizers, Massage Oils, Shower Gel & Body Wash"
Personal Care , Personal Care Electrical Products ," Hair Stylers, Massagers"
Personal Care , Hair Care ," Shampoos & Conditioner, Oils & Serum, Hair Gels & Creams, Hair Colors, Brushes / Combs"
Personal Care , Face Care ," Face Pack, Lip Care, Face Wash & Scrubs, Face Creams"
Personal Care , Shaving Needs ," Razors & Blades, Shaving Cream & Foam, After Shave"
Personal Care , Oral Care ," Toothbrush, Toothpaste"
Personal Care , Personal Hygiene , Handwash & Sanitizers
Personal Care , OTC Medicines ," Antiseptics, Digestive, Cotton & Bandages"
Personal Care , Detergents ," Detergent Bar, Detergent Powder, Liquid Detergent"
Personal Care , Diwali Decoration ," Dishwash Bars, Liquid Dishwashers, Powdered Dishwashers"
Personal Care , Utensil Cleaners ," Floor Cleaners, Toilet Cleaners, Surface Cleaners"
Personal Care , Cleaners , Agarbathi & Dhoop Batti
Personal Care , Pooja Needs ," Brooms  Dust Pans & Dustbin, Mops & Wipers, Brushes & Scrubbers"
Personal Care , Cleaning Equipments , Shoe Polish
Personal Care , Shoe Care , Mosquito Repellents
Personal Care , Repellents ," Cutlery, Bottles, Chillers & Ice Cube Trays, Cookwere, Pressure Cooker, Kitchen Stroage, Dining & Serving, Cutting Tools, Flasks & Tiffins, Disposables, Mug & Cup Saucers, Bathroom Accessories"
Personal Care , Kitchen & Dining ," Juicer Mixer & Blenders, Toasters"
Personal Care , Kitchen & Home Appliance ," Toilet Paper, Disposable Plates & Utensils, Tissue Papers & Napkins"
Personal Care , Air Fresheners ," Toilet Paper, Disposable Plates & Utensils, Tissue Papers & Napkins"
Personal Care , Baby Food ," Baby Powder, Diapers & Wipes, Baby Care & Accessories, Baby Creams & Lotions, Baby Oils & Shampoos"
Personal Care , Soft Drinks , Cola Drinks
Personal Care , Fruit Juices ," Mango Juices, Orange Juices, Apple Juices"
Personal Care , Tea & Coffee ," Tea, Green Tea, Tea Bags, Instant Coffee, Drinking Cocolate"
Personal Care , Mineral Water , Energy Drinks
Personal Care , Energy & Health Drinks ," Concentrates, Milk Drink, Sarbat"
Household , Grains ," Chana Dal, Moong Dal, Other Dals, Raw Peanuts, Soya Products"
Household , Dals & Pulses ," Almonds, Cashews, Mukhwas & Mouth Freshener, Other Dry Fruits"
Household , Dry Fruits ," Ghee, Sunflower Oil, Cottonseed Oil, Groudnut Oils, Olive Oils, Mustard Oils"
Household , Edible Oils & Ghee ," Besan, Maida, Other Flours, Rice Flours, Sooji & Rava"
Household , Flours & Sooji ," Food Colour, International Spices, Powdered Spices, Ready Masalas"
Household , Masalas & Spices ," Avalakki / Poha, Basmati Rice"
Household , Rice & Rice Product ," Jaggery, Salt, Sugar, Sugar Cubes"
Household , Breads & Bakery , Bread
Household , Breakfast Cereals ," Flakes, Muesli & OATS"
Household , Snacks ," Other Snacks, Namkeen, Chikki, Chips & More, Papads"
Household , Biscuits & Cookies ," Biscuits, Cookies, Wafers Biscuit"
Household ," Sauces, Spreads & Condiments "," Ketchup, Jams, Honey, Mayonnaise, Peanut / Garlic Butter, Spreads, Chilli Sauces, Other Sauces"
Household , Pickles ," Mixed, Mango, Chilli, Other Pickles"
Household , Sweets & Candies ," Desserts, Packed Mithais, Custard Powder & Ice Cream Mix"
Household , Chocolates ," Favorites, Diet Bars, Dark Chocolates, Festive Gift Pack"
Household , Body Care ," Body Talc, Soaps & Bathing Bars, Deodorants & Body Sprays, Lotions & Moisturizers, Massage Oils, Shower Gel & Body Wash"
Household , Personal Care Electrical Products ," Hair Stylers, Massagers"
Household , Hair Care ," Shampoos & Conditioner, Oils & Serum, Hair Gels & Creams, Hair Colors, Brushes / Combs"
Household , Face Care ," Face Pack, Lip Care, Face Wash & Scrubs, Face Creams"
Household , Shaving Needs ," Razors & Blades, Shaving Cream & Foam, After Shave"
Household , Oral Care ," Toothbrush, Toothpaste"
Household , Personal Hygiene , Handwash & Sanitizers
Household , OTC Medicines ," Antiseptics, Digestive, Cotton & Bandages"
Household , Detergents ," Detergent Bar, Detergent Powder, Liquid Detergent"
Household , Diwali Decoration ," Dishwash Bars, Liquid Dishwashers, Powdered Dishwashers"
Household , Utensil Cleaners ," Floor Cleaners, Toilet Cleaners, Surface Cleaners"
Household , Cleaners , Agarbathi & Dhoop Batti
Household , Pooja Needs ," Brooms  Dust Pans & Dustbin, Mops & Wipers, Brushes & Scrubbers"
Household , Cleaning Equipments , Shoe Polish
Household , Shoe Care , Mosquito Repellents
Household , Repellents ," Cutlery, Bottles, Chillers & Ice Cube Trays, Cookwere, Pressure Cooker, Kitchen Stroage, Dining & Serving, Cutting Tools, Flasks & Tiffins, Disposables, Mug & Cup Saucers, Bathroom Accessories"
Household , Kitchen & Dining ," Juicer Mixer & Blenders, Toasters"
Household , Kitchen & Home Appliance ," Toilet Paper, Disposable Plates & Utensils, Tissue Papers & Napkins"
Household , Air Fresheners ," Toilet Paper, Disposable Plates & Utensils, Tissue Papers & Napkins"
Household , Baby Food ," Baby Powder, Diapers & Wipes, Baby Care & Accessories, Baby Creams & Lotions, Baby Oils & Shampoos"
Household , Soft Drinks , Cola Drinks
Household , Fruit Juices ," Mango Juices, Orange Juices, Apple Juices"
Household , Tea & Coffee ," Tea, Green Tea, Tea Bags, Instant Coffee, Drinking Cocolate"
Household , Mineral Water , Energy Drinks
Household , Energy & Health Drinks ," Concentrates, Milk Drink, Sarbat"
Baby Care , Grains ," Chana Dal, Moong Dal, Other Dals, Raw Peanuts, Soya Products"
Baby Care , Dals & Pulses ," Almonds, Cashews, Mukhwas & Mouth Freshener, Other Dry Fruits"
Baby Care , Dry Fruits ," Ghee, Sunflower Oil, Cottonseed Oil, Groudnut Oils, Olive Oils, Mustard Oils"
Baby Care , Edible Oils & Ghee ," Besan, Maida, Other Flours, Rice Flours, Sooji & Rava"
Baby Care , Flours & Sooji ," Food Colour, International Spices, Powdered Spices, Ready Masalas"
Baby Care , Masalas & Spices ," Avalakki / Poha, Basmati Rice"
Baby Care , Rice & Rice Product ," Jaggery, Salt, Sugar, Sugar Cubes"
Baby Care , Breads & Bakery , Bread
Baby Care , Breakfast Cereals ," Flakes, Muesli & OATS"
Baby Care , Snacks ," Other Snacks, Namkeen, Chikki, Chips & More, Papads"
Baby Care , Biscuits & Cookies ," Biscuits, Cookies, Wafers Biscuit"
Baby Care ," Sauces, Spreads & Condiments "," Ketchup, Jams, Honey, Mayonnaise, Peanut / Garlic Butter, Spreads, Chilli Sauces, Other Sauces"
Baby Care , Pickles ," Mixed, Mango, Chilli, Other Pickles"
Baby Care , Sweets & Candies ," Desserts, Packed Mithais, Custard Powder & Ice Cream Mix"
Baby Care , Chocolates ," Favorites, Diet Bars, Dark Chocolates, Festive Gift Pack"
Baby Care , Body Care ," Body Talc, Soaps & Bathing Bars, Deodorants & Body Sprays, Lotions & Moisturizers, Massage Oils, Shower Gel & Body Wash"
Baby Care , Personal Care Electrical Products ," Hair Stylers, Massagers"
Baby Care , Hair Care ," Shampoos & Conditioner, Oils & Serum, Hair Gels & Creams, Hair Colors, Brushes / Combs"
Baby Care , Face Care ," Face Pack, Lip Care, Face Wash & Scrubs, Face Creams"
Baby Care , Shaving Needs ," Razors & Blades, Shaving Cream & Foam, After Shave"
Baby Care , Oral Care ," Toothbrush, Toothpaste"
Baby Care , Personal Hygiene , Handwash & Sanitizers
Baby Care , OTC Medicines ," Antiseptics, Digestive, Cotton & Bandages"
Baby Care , Detergents ," Detergent Bar, Detergent Powder, Liquid Detergent"
Baby Care , Diwali Decoration ," Dishwash Bars, Liquid Dishwashers, Powdered Dishwashers"
Baby Care , Utensil Cleaners ," Floor Cleaners, Toilet Cleaners, Surface Cleaners"
Baby Care , Cleaners , Agarbathi & Dhoop Batti
Baby Care , Pooja Needs ," Brooms  Dust Pans & Dustbin, Mops & Wipers, Brushes & Scrubbers"
Baby Care , Cleaning Equipments , Shoe Polish
Baby Care , Shoe Care , Mosquito Repellents
Baby Care , Repellents ," Cutlery, Bottles, Chillers & Ice Cube Trays, Cookwere, Pressure Cooker, Kitchen Stroage, Dining & Serving, Cutting Tools, Flasks & Tiffins, Disposables, Mug & Cup Saucers, Bathroom Accessories"
Baby Care , Kitchen & Dining ," Juicer Mixer & Blenders, Toasters"
Baby Care , Kitchen & Home Appliance ," Toilet Paper, Disposable Plates & Utensils, Tissue Papers & Napkins"
Baby Care , Air Fresheners ," Toilet Paper, Disposable Plates & Utensils, Tissue Papers & Napkins"
Baby Care , Baby Food ," Baby Powder, Diapers & Wipes, Baby Care & Accessories, Baby Creams & Lotions, Baby Oils & Shampoos"
Baby Care , Soft Drinks , Cola Drinks
Baby Care , Fruit Juices ," Mango Juices, Orange Juices, Apple Juices"
Baby Care , Tea & Coffee ," Tea, Green Tea, Tea Bags, Instant Coffee, Drinking Cocolate"
Baby Care , Mineral Water , Energy Drinks
Baby Care , Energy & Health Drinks ," Concentrates, Milk Drink, Sarbat"
Beverages , Grains ," Chana Dal, Moong Dal, Other Dals, Raw Peanuts, Soya Products"
Beverages , Dals & Pulses ," Almonds, Cashews, Mukhwas & Mouth Freshener, Other Dry Fruits"
Beverages , Dry Fruits ," Ghee, Sunflower Oil, Cottonseed Oil, Groudnut Oils, Olive Oils, Mustard Oils"
Beverages , Edible Oils & Ghee ," Besan, Maida, Other Flours, Rice Flours, Sooji & Rava"
Beverages , Flours & Sooji ," Food Colour, International Spices, Powdered Spices, Ready Masalas"
Beverages , Masalas & Spices ," Avalakki / Poha, Basmati Rice"
Beverages , Rice & Rice Product ," Jaggery, Salt, Sugar, Sugar Cubes"
Beverages , Breads & Bakery , Bread
Beverages , Breakfast Cereals ," Flakes, Muesli & OATS"
Beverages , Snacks ," Other Snacks, Namkeen, Chikki, Chips & More, Papads"
Beverages , Biscuits & Cookies ," Biscuits, Cookies, Wafers Biscuit"
Beverages ," Sauces, Spreads & Condiments "," Ketchup, Jams, Honey, Mayonnaise, Peanut / Garlic Butter, Spreads, Chilli Sauces, Other Sauces"
Beverages , Pickles ," Mixed, Mango, Chilli, Other Pickles"
Beverages , Sweets & Candies ," Desserts, Packed Mithais, Custard Powder & Ice Cream Mix"
Beverages , Chocolates ," Favorites, Diet Bars, Dark Chocolates, Festive Gift Pack"
Beverages , Body Care ," Body Talc, Soaps & Bathing Bars, Deodorants & Body Sprays, Lotions & Moisturizers, Massage Oils, Shower Gel & Body Wash"
Beverages , Personal Care Electrical Products ," Hair Stylers, Massagers"
Beverages , Hair Care ," Shampoos & Conditioner, Oils & Serum, Hair Gels & Creams, Hair Colors, Brushes / Combs"
Beverages , Face Care ," Face Pack, Lip Care, Face Wash & Scrubs, Face Creams"
Beverages , Shaving Needs ," Razors & Blades, Shaving Cream & Foam, After Shave"
Beverages , Oral Care ," Toothbrush, Toothpaste"
Beverages , Personal Hygiene , Handwash & Sanitizers
Beverages , OTC Medicines ," Antiseptics, Digestive, Cotton & Bandages"
Beverages , Detergents ," Detergent Bar, Detergent Powder, Liquid Detergent"
Beverages , Diwali Decoration ," Dishwash Bars, Liquid Dishwashers, Powdered Dishwashers"
Beverages , Utensil Cleaners ," Floor Cleaners, Toilet Cleaners, Surface Cleaners"
Beverages , Cleaners , Agarbathi & Dhoop Batti
Beverages , Pooja Needs ," Brooms  Dust Pans & Dustbin, Mops & Wipers, Brushes & Scrubbers"
Beverages , Cleaning Equipments , Shoe Polish
Beverages , Shoe Care , Mosquito Repellents
Beverages , Repellents ," Cutlery, Bottles, Chillers & Ice Cube Trays, Cookwere, Pressure Cooker, Kitchen Stroage, Dining & Serving, Cutting Tools, Flasks & Tiffins, Disposables, Mug & Cup Saucers, Bathroom Accessories"
Beverages , Kitchen & Dining ," Juicer Mixer & Blenders, Toasters"
Beverages , Kitchen & Home Appliance ," Toilet Paper, Disposable Plates & Utensils, Tissue Papers & Napkins"
Beverages , Air Fresheners ," Toilet Paper, Disposable Plates & Utensils, Tissue Papers & Napkins"
Beverages , Baby Food ," Baby Powder, Diapers & Wipes, Baby Care & Accessories, Baby Creams & Lotions, Baby Oils & Shampoos"
Beverages , Soft Drinks , Cola Drinks
Beverages , Fruit Juices ," Mango Juices, Orange Juices, Apple Juices"
Beverages , Tea & Coffee ," Tea, Green Tea, Tea Bags, Instant Coffee, Drinking Cocolate"
Beverages , Mineral Water , Energy Drinks
Beverages , Energy & Health Drinks ," Concentrates, Milk Drink, Sarbat"
Stationery , Grains ," Chana Dal, Moong Dal, Other Dals, Raw Peanuts, Soya Products"
Stationery , Dals & Pulses ," Almonds, Cashews, Mukhwas & Mouth Freshener, Other Dry Fruits"
Stationery , Dry Fruits ," Ghee, Sunflower Oil, Cottonseed Oil, Groudnut Oils, Olive Oils, Mustard Oils"
Stationery , Edible Oils & Ghee ," Besan, Maida, Other Flours, Rice Flours, Sooji & Rava"
Stationery , Flours & Sooji ," Food Colour, International Spices, Powdered Spices, Ready Masalas"
Stationery , Masalas & Spices ," Avalakki / Poha, Basmati Rice"
Stationery , Rice & Rice Product ," Jaggery, Salt, Sugar, Sugar Cubes"
Stationery , Breads & Bakery , Bread
Stationery , Breakfast Cereals ," Flakes, Muesli & OATS"
Stationery , Snacks ," Other Snacks, Namkeen, Chikki, Chips & More, Papads"
Stationery , Biscuits & Cookies ," Biscuits, Cookies, Wafers Biscuit"
Stationery ," Sauces, Spreads & Condiments "," Ketchup, Jams, Honey, Mayonnaise, Peanut / Garlic Butter, Spreads, Chilli Sauces, Other Sauces"
Stationery , Pickles ," Mixed, Mango, Chilli, Other Pickles"
Stationery , Sweets & Candies ," Desserts, Packed Mithais, Custard Powder & Ice Cream Mix"
Stationery , Chocolates ," Favorites, Diet Bars, Dark Chocolates, Festive Gift Pack"
Stationery , Body Care ," Body Talc, Soaps & Bathing Bars, Deodorants & Body Sprays, Lotions & Moisturizers, Massage Oils, Shower Gel & Body Wash"
Stationery , Personal Care Electrical Products ," Hair Stylers, Massagers"
Stationery , Hair Care ," Shampoos & Conditioner, Oils & Serum, Hair Gels & Creams, Hair Colors, Brushes / Combs"
Stationery , Face Care ," Face Pack, Lip Care, Face Wash & Scrubs, Face Creams"
Stationery , Shaving Needs ," Razors & Blades, Shaving Cream & Foam, After Shave"
Stationery , Oral Care ," Toothbrush, Toothpaste"
Stationery , Personal Hygiene , Handwash & Sanitizers
Stationery , OTC Medicines ," Antiseptics, Digestive, Cotton & Bandages"
Stationery , Detergents ," Detergent Bar, Detergent Powder, Liquid Detergent"
Stationery , Diwali Decoration ," Dishwash Bars, Liquid Dishwashers, Powdered Dishwashers"
Stationery , Utensil Cleaners ," Floor Cleaners, Toilet Cleaners, Surface Cleaners"
Stationery , Cleaners , Agarbathi & Dhoop Batti
Stationery , Pooja Needs ," Brooms  Dust Pans & Dustbin, Mops & Wipers, Brushes & Scrubbers"
Stationery , Cleaning Equipments , Shoe Polish
Stationery , Shoe Care , Mosquito Repellents
Stationery , Repellents ," Cutlery, Bottles, Chillers & Ice Cube Trays, Cookwere, Pressure Cooker, Kitchen Stroage, Dining & Serving, Cutting Tools, Flasks & Tiffins, Disposables, Mug & Cup Saucers, Bathroom Accessories"
Stationery , Kitchen & Dining ," Juicer Mixer & Blenders, Toasters"
Stationery , Kitchen & Home Appliance ," Toilet Paper, Disposable Plates & Utensils, Tissue Papers & Napkins"
Stationery , Air Fresheners ," Toilet Paper, Disposable Plates & Utensils, Tissue Papers & Napkins"
Stationery , Baby Food ," Baby Powder, Diapers & Wipes, Baby Care & Accessories, Baby Creams & Lotions, Baby Oils & Shampoos"
Stationery , Soft Drinks , Cola Drinks
Stationery , Fruit Juices ," Mango Juices, Orange Juices, Apple Juices"
Stationery , Tea & Coffee ," Tea, Green Tea, Tea Bags, Instant Coffee, Drinking Cocolate"
Stationery , Mineral Water , Energy Drinks
Stationery , Energy & Health Drinks ," Concentrates, Milk Drink, Sarbat"
